{ "top10Movies": { "title": "Top 10 Movies", "movies": [ { "id": 0, "name": "Gladiator", "position": "1"}, { "id": 1, "name": "Troy", "position": "2"}, { "id": 2, "name": "World War Z", "position": "3"}, { "id": 3, "name": "Meet The Parents", "position": "4"}, { "id": 4, "name": "Red Dragon", "position": "5"}, { "id": 5, "name": "The Avengers", "position": "6"}, { "id": 6, "name": "Silent Hill", "position": "7"}, { "id": 7, "name": "Terminator 2: Judgement Day", "position": "8"}, { "id": 8, "name": "Prometheus", "position": "9"}, { "id": 9, "name": "Saving Private Ryan", "position": "10"} ]} }