{
  "name": "lodash",
  "version": "3.9.0",
  "main": "lodash.js",
  "ignore": [
    ".*",
    "*.custom.*",
    "*.log",
    "*.map",
    "*.md",
    "lodash.src.js",
    "component.json",
    "package.json",
    "doc",
    "node_modules",
    "perf",
    "test",
    "vendor"
  ],
  "homepage": "https://github.com/lodash/lodash",
  "_release": "3.9.0",
  "_resolution": {
    "type": "version",
    "tag": "3.9.0",
    "commit": "aa92a48c9894d7f95227d88da0e75f7147e53124"
  },
  "_source": "git://github.com/lodash/lodash.git",
  "_target": "~3.9.0",
  "_originalSource": "lodash",
  "_direct": true
}